<?xml version="1.0"?>
<!--<!DOCTYPE metadata SYSTEM "http://www.esri.com/metadata/esriprof80.dtd">-->
<metadata xml:lang="en"><Esri><CreaDate>20071024</CreaDate><CreaTime>13474800</CreaTime><SyncOnce>TRUE</SyncOnce><MetaID>{B190E38E-943B-4486-9C48-EBFB8A870887}</MetaID></Esri><idinfo><citation><citeinfo><onlink Sync="TRUE">\\JSHOCKER\C$\Documents and Settings\James\Desktop\Somer\CASA_radars_40km_rangeCopy.orig</onlink></citeinfo></citation></idinfo><distInfo><distributor><distorTran><onLineSrc><linkage Sync="TRUE">file://\\JSHOCKER\C$\Documents and Settings\James\Desktop\Somer\CASA_radars_40km_rangeCopy.orig</linkage><protocol Sync="TRUE">Local Area Network</protocol></onLineSrc></distorTran></distributor></distInfo><dataqual><lineage><procstep><procdesc Sync="TRUE">Dataset copied.</procdesc><srcused Sync="TRUE">C:\Documents and Settings\James\Desktop\Somer\CASA_radars_40km_range.orig</srcused><date Sync="TRUE">20071024</date><time Sync="TRUE">13474800</time></procstep></lineage></dataqual></metadata>
